{
  "README.md": 1775587407.9166994,
  "docs/getting-started.md": 1775587407.9166994,
  "docs/virtualization.md": 1775587407.9176996,
  "docs/darwin.md": 1773995239.2582142,
  "docs/games.md": 1750332006.6080894,
  "docs/zfs.md": 1773995239.2592142,
  "docs/usage.md": 1775587407.9176996,
  "docs/structure.md": 1775587407.9166994,
  "docs/headless-getting-started.md": 1775587407.9166994,
  "docs/bootstrap.md": 1773995239.2582142,
  "modules/core/plymouth-theme/logo.png": 1774984866.7849329
}